8ED7D373-3378-E811-9F0E-6C92BF5CA7B2,http://mall.gd10010.cn/component_lib/mating/mDetail.do?mtact=573675&mtchnel=95151673&id=36363555819
1F0F7F80-3378-E811-9F0E-6C92BF5CA7B2,http://mall.gd10010.cn/component_lib/mating/mDetail.do?mtact=573675&mtchnel=95151673&id=36363555819
3AF41687-3378-E811-9F0E-6C92BF5CA7B2,http://mall.gd10010.cn/component_lib/mating/mDetail.do?mtact=573675&mtchnel=95151673&id=36363555819
37D12C93-3378-E811-9F0E-6C92BF5CA7B2,http://mall.gd10010.cn/component_lib/mating/mDetail.do?mtact=573675&mtchnel=95151673&id=36363555819
68303199-3378-E811-9F0E-6C92BF5CA7B2,http://mall.gd10010.cn/component_lib/mating/mDetail.do?mtact=573675&mtchnel=95151673&id=36363555819
B2217376-7F7A-E811-9F0E-6C92BF5CA7B2,http://mall.gd10010.cn/component_lib/mating/mDetail.do?mtact=573675&mtchnel=95151673&id=36363555819
C3D9AB7C-7F7A-E811-9F0E-6C92BF5CA7B2,http://mall.gd10010.cn/component_lib/mating/mDetail.do?mtact=573675&mtchnel=95151673&id=36363555819
1E17AE82-7F7A-E811-9F0E-6C92BF5CA7B2,http://mall.gd10010.cn/component_lib/mating/mDetail.do?mtact=573675&mtchnel=95151673&id=36363555819
A5B32C89-7F7A-E811-9F0E-6C92BF5CA7B2,http://mall.gd10010.cn/component_lib/mating/mDetail.do?mtact=573675&mtchnel=95151673&id=36363555819
4D5B803A-817A-E811-9F0E-6C92BF5CA7B2,http://mall.gd10010.cn/component_lib/mating/mDetail.do?mtact=573675&mtchnel=95151673&id=36363555819
3004A440-817A-E811-9F0E-6C92BF5CA7B2,http://mall.gd10010.cn/component_lib/mating/mDetail.do?mtact=573675&mtchnel=95151673&id=36363555819
61417F7F-817A-E811-9F0E-6C92BF5CA7B2,http://mall.gd10010.cn/component_lib/mating/mDetail.do?mtact=573675&mtchnel=95151673&id=36363555819